순위,카테고리,채널명,구독자수,조회수,비디오수
1,음악/댄스/가수,BLACKPINK,"70,200,000","21,457,090,000",395
2,음악/댄스/가수,HYBE LABELS,"63,000,000","20,496,840,000",725
3,음악/댄스/가수,BANGTANTV,"61,500,000","14,077,940,000","1,646"
4,음악/댄스/가수,SMTOWN,"29,300,000","23,016,410,000","3,779"
5,키즈/어린이,Boram Tube Vlog [보람튜브 브이로그],"26,500,000","11,052,880,000",223
6,음악/댄스/가수,1MILLION Dance Studio,"24,600,000","6,930,370,000","3,396"
7,음악/댄스/가수,1theK (원더케이),"23,700,000","21,358,840,000","15,675"
8,음악/댄스/가수,JYP Entertainment,"23,000,000","15,004,820,000","1,429"
9,음악/댄스/가수,Mnet K-POP,"19,000,000","13,974,230,000","26,841"
10,음악/댄스/가수,JFlaMusic,"17,400,000","3,501,980,000",281
11,TV/방송,KBS WORLD TV,"17,200,000","12,905,050,000","54,160"
12,음식/요리/레시피,Jane ASMR 제인,"15,500,000","5,510,780,000","1,300"
13,음악/댄스/가수,officialpsy,"15,300,000","8,844,390,000",91
14,미분류,AdeleVEVO,"15,200,000","10,505,050,000",49
15,음악/댄스/가수,BIGBANG,"13,900,000","6,835,120,000",773
16,음악/댄스/가수,TWICE,"12,600,000","2,692,060,000",705
17,미분류,Saturday Night Live,"12,400,000","12,565,100,000","7,780"
18,음식/요리/레시피,Hongyu ASMR 홍유,"10,900,000","3,144,660,000",421
19,키즈/어린이,Nao FunFun,"10,700,000","4,450,000",37
21,음악/댄스/가수,Stone Music Entertainment,"10,100,000","8,264,600,000","8,335"
20,키즈/어린이,DuDuPopTOY,"10,100,000","4,523,780,000","1,909"
22,키즈/어린이,핑크퐁 (인기 동요・동화),"9,930,000","6,000,450,000","2,386"
23,TV/방송,MBCkpop,"9,610,000","7,627,260,000","41,620"
24,키즈/어린이,Toymong tv 토이몽TV,"9,560,000","3,950,230,000","1,925"
25,키즈/어린이,Larva TUBA,"9,530,000","4,177,810,000","2,986"
26,키즈/어린이,서은이야기[SeoeunStory],"9,420,000","4,059,810,000","1,051"
27,음악/댄스/가수,Mnet TV,"8,670,000","10,085,260,000","19,204"
28,음악/댄스/가수,EXO,"8,540,000","529,000,000",218
29,뉴스/정치/사회,MBCentertainment,"8,490,000","14,898,780,000","88,219"
30,음악/댄스/가수,iKON,"8,420,000","2,161,740,000",470
31,음식/요리/레시피,[햄지]Hamzy,"8,400,000","2,503,380,000",368
32,음악/댄스/가수,TOMORROW X TOGETHER OFFICIAL,"8,290,000","584,700,000",906
33,음악/댄스/가수,Stray Kids,"8,050,000","1,314,470,000",520
34,TV/방송,M2,"7,840,000","5,972,430,000","15,055"
35,해외,Serie A,"7,660,000","2,585,610,000","21,226"
36,키즈/어린이,MariAndKids,"7,530,000","2,321,200,000",809
37,키즈/어린이,SonicToy소닉토이,"7,260,000","3,005,250,000",163
38,음악/댄스/가수,SEVENTEEN,"7,250,000","2,387,630,000",969
39,음악/댄스/가수,이지금 [IU Official],"7,150,000","1,150,010,000",134
40,음식/요리/레시피,쏘영 Ssoyoung,"7,090,000","1,036,380,000",594
41,뉴스/정치/사회,JTBC Entertainment,"7,000,000","10,106,300,000","66,614"
42,음식/요리/레시피,문복희 Eat with Boki,"6,990,000","1,641,030,000",500
43,음악/댄스/가수,Sungha Jung,"6,790,000","1,890,640,000","1,282"
44,미분류,DJSnakeVEVO,"6,590,000","6,437,220,000",51
45,TV/방송,KBS Kpop,"6,550,000","5,094,690,000","30,708"
46,음악/댄스/가수,ALL THE K-POP,"6,520,000","4,001,120,000","21,040"
48,미분류,Pixar,"6,510,000","3,204,930,000",691
47,음악/댄스/가수,YG ENTERTAINMENT,"6,510,000","1,657,980,000",389
49,음악/댄스/가수,MAMAMOO,"6,380,000","1,785,590,000",623
50,음악/댄스/가수,ITZY,"6,310,000","1,189,220,000",497
51,TV/방송,스브스케이팝 / SBS KPOP,"6,190,000","4,239,860,000","27,486"
52,키즈/어린이,서은일상이야기,"6,140,000","2,315,810,000",618
53,음악/댄스/가수,GOT7,"6,130,000","778,110,000",579
54,TV/방송,SBS Entertainment,"5,940,000","7,060,390,000","218,557"
56,회사/오피셜,Samsung,"5,920,000","1,274,960,000","1,629"
55,TV/방송,tvN drama,"5,920,000","6,033,590,000","37,708"
57,패션/미용,PONY Syndrome,"5,890,000","363,260,000",195
58,TV/방송,SBS Drama,"5,780,000","6,107,230,000","341,671"
59,키즈/어린이,[장난감티비]TOYTV,"5,760,000","2,814,870,000","1,520"
60,키즈/어린이,미니특공대TV,"5,680,000","3,197,110,000","1,172"
61,키즈/어린이,스위트티비 SweetTV,"5,610,000","2,706,040,000",511
62,음식/요리/레시피,야미보이 Yummyboy,"5,500,000","1,999,430,000",897
63,음악/댄스/가수,2NE1,"5,370,000","1,993,970,000",321
64,음식/요리/레시피,백종원의 요리비책 Paik's Cuisine,"5,230,000","576,470,000",365
65,키즈/어린이,콩순이 • 시크릿 쥬쥬 [Kongsuni • Secret Jouju],"5,190,000","4,609,770,000","1,280"
66,BJ/인물/연예인,[Awesome Haeun]어썸하은,"5,170,000","817,970,000",512
67,음식/요리/레시피,tzuyang쯔양,"5,000,000","762,910,000",289
68,음악/댄스/가수,starshipTV,"4,970,000","2,896,080,000","1,987"
69,키즈/어린이,ToyMart TV,"4,920,000","2,149,150,000",651
70,키즈/어린이,베이비버스 -인기 동요・동화,"4,880,000","3,300,420,000","1,333"
71,키즈/어린이,TOY GUMA,"4,810,000","1,587,890,000",306
72,음악/댄스/가수,BT21,"4,780,000","392,300,000",208
73,뉴스/정치/사회,SBS NOW / SBS 공식 채널,"4,750,000","4,754,900,000","20,468"
74,음악/댄스/가수,TREASURE (트레저),"4,680,000","932,870,000",288
75,음악/댄스/가수,Red Velvet,"4,620,000","715,610,000",153
76,TV/방송,KBS Entertain,"4,600,000","7,408,330,000","102,574"
81,음악/댄스/가수,NCT,"4,580,000","326,820,000",247
77,키즈/어린이,With Kids Playground [위드키즈 놀이터],"4,580,000","1,716,340,000",411
78,음식/요리/레시피,떵개떵,"4,570,000","2,602,700,000","4,434"
79,음식/요리/레시피,푸메Fume,"4,560,000","935,920,000",499
80,음악/댄스/가수,ASTRO 아스트로,"4,540,000","448,380,000",470
83,키즈/어린이,뽀로로(Pororo),"4,480,000","6,066,130,000","3,695"
82,BJ/인물/연예인,영국남자 Korean Englishman,"4,480,000","1,454,470,000",444
84,TV/방송,MBCdrama,"4,470,000","5,052,550,000","54,871"
85,음식/요리/레시피,하루한끼 one meal a day,"4,400,000","427,920,000",172
86,TV/방송,채널 NCT DAILY,"4,310,000","762,190,000",467
87,음식/요리/레시피,Cooking tree 쿠킹트리,"4,290,000","399,840,000","1,179"
88,키즈/어린이,슈슈토이 Shushu ToysReview,"4,280,000","1,602,530,000",634
89,음악/댄스/가수,NCT 127,"4,270,000","482,260,000",289
93,게임,EA SPORTS FIFA,"4,250,000","803,080,000",795
92,음악/댄스/가수,NCT DREAM,"4,250,000","479,110,000",244
91,TV/방송,JTBC Drama,"4,250,000","4,359,340,000","23,431"
90,애완/반려동물,SBS TV동물농장x애니멀봐,"4,250,000","3,887,770,000","3,182"
94,음악/댄스/가수,Raon Lee,"4,230,000","956,190,000",294
95,음식/요리/레시피,까니짱 [ G-NI ],"4,200,000","1,107,290,000",535
96,키즈/어린이,로미유 스토리[Romiyu Story],"4,170,000","1,095,240,000",434
97,음식/요리/레시피,[Dorothy]도로시,"4,160,000","998,000,000",905
98,취미/라이프,JaeYeol ASMR 재열,"3,980,000","1,096,060,000","1,018"
99,키즈/어린이,CoCosToy 꼬꼬스토이,"3,880,000","2,187,780,000",652
100,BJ/인물/연예인,허팝Heopop,"3,840,000","3,260,020,000","1,900"
101,TV/방송,워크맨-Workman,"3,790,000","743,430,000",154
103,애완/반려동물,크림히어로즈,"3,780,000","1,415,780,000","1,011"
102,음악/댄스/가수,WINNER,"3,780,000","1,204,270,000",446
104,키즈/어린이,Lime Tube[라임튜브],"3,740,000","2,646,690,000","1,808"
105,BJ/인물/연예인,waveya 2011,"3,730,000","1,356,390,000",710
106,음악/댄스/가수,백현 Baekhyun,"3,690,000","46,310,000",16
107,BJ/인물/연예인,ARTBEAT,"3,640,000","945,030,000","1,202"
108,키즈/어린이,Milana FamilyShow[EN],"3,620,000","984,010,000",187
109,TV/방송,채널 십오야,"3,610,000","748,380,000",510
110,TV/방송,TV-People,"3,600,000","4,063,220,000","18,282"
111,TV/방송,KBS Drama,"3,560,000","4,459,100,000","116,772"
112,회사/오피셜,Billboard,"3,480,000","1,165,110,000","7,077"
113,TV/방송,딩고 뮤직 / dingo music,"3,460,000","1,273,920,000","1,609"
114,키즈/어린이,제이제이 튜브 [JJ Tube],"3,450,000","2,165,340,000",500
115,취미/라이프,drawholic,"3,430,000","383,690,000",355
117,음악/댄스/가수,ROSÉ Official,"3,350,000","13,090,000",3
116,TV/방송,솔라시도 solarsido,"3,350,000","213,570,000",272
119,TV/방송,tvN,"3,330,000","4,859,780,000","60,957"
118,키즈/어린이,리월드RIWORLD,"3,330,000","1,255,450,000",181
120,음악/댄스/가수,KARD,"3,300,000","615,770,000",315
122,음악/댄스/가수,(G)I-DLE (여자)아이들 (Official YouTube Channel),"3,280,000","1,024,920,000",203
121,키즈/어린이,EBS 키즈,"3,280,000","4,153,180,000","19,343"
123,키즈/어린이,미니팡TV,"3,260,000","2,265,520,000",634
124,음악/댄스/가수,STUDIO CHOOM [스튜디오 춤],"3,240,000","1,295,950,000",808
125,음악/댄스/가수,imlisarhee,"3,230,000","455,590,000",576
126,키즈/어린이,키즈팡TV,"3,210,000","2,005,360,000","1,951"
127,키즈/어린이,럭키강이 LuckyKang i,"3,170,000","1,373,260,000","1,278"
128,키즈/어린이,MariAndToys,"3,150,000","569,790,000",208
129,미분류,MayTree,"3,140,000","480,910,000",151
130,TV/방송,tvN D ENT,"3,130,000","5,763,920,000","16,284"
131,영화/만화/애니,장삐쭈,"3,080,000","1,405,680,000",390
133,스포츠/운동,피지컬갤러리,"3,060,000","520,580,000",628
132,키즈/어린이,카 로봇 Car Robot,"3,060,000","1,798,410,000","3,534"
134,음식/요리/레시피,5 분 Tricks,"3,050,000","1,083,890,000","3,239"
135,취미/라이프,사나고 Sanago,"3,030,000","406,070,000",146
136,음식/요리/레시피,유디티TV,"3,010,000","614,810,000","1,027"
137,음식/요리/레시피,FRAN,"3,000,000","1,070,450,000","1,797"
138,취미/라이프,Thankyou BUBU,"2,980,000","487,620,000",134
140,TV/방송,옛드 : 옛날 드라마 [드라맛집],"2,920,000","5,266,490,000","46,244"
139,음악/댄스/가수,새송 Saesong,"2,920,000","295,850,000",252
142,취미/라이프,odg,"2,890,000","486,790,000",125
141,TV/방송,JTBC Voyage,"2,890,000","3,390,880,000","7,694"
143,음악/댄스/가수,HyunA,"2,860,000","395,480,000",71
144,음식/요리/레시피,양수빈,"2,850,000","505,880,000",244
145,키즈/어린이,헤이지니 Hey Jini,"2,800,000","1,755,080,000","1,252"
146,음악/댄스/가수,JAY PARK,"2,770,000","708,360,000",137
147,음식/요리/레시피,한세 HANSE,"2,740,000","385,990,000",573
148,취미/라이프,팬케이Pan K The Pancake Artist,"2,730,000","831,350,000",550
149,TV/방송,런닝맨 - 스브스 공식 채널,"2,700,000","3,600,830,000","53,768"
150,음악/댄스/가수,Jessi,"2,690,000","412,910,000",56
151,뉴스/정치/사회,YTN news,"2,670,000","6,035,890,000","572,135"
153,뉴스/정치/사회,TVCHOSUN - TV조선,"2,650,000","4,369,030,000","67,253"
152,음식/요리/레시피,나도Nado,"2,650,000","701,920,000",713
154,음악/댄스/가수,AKMU,"2,630,000","705,570,000",148
155,음식/요리/레시피,지현꿍,"2,590,000","224,410,000",97
156,음식/요리/레시피,푸드킹덤 Food Kingdom,"2,570,000","959,480,000",852
158,취미/라이프,ASMR PPOMO,"2,540,000","684,280,000",423
157,TV/방송,PLAYLIST ORIGINALS 플레이리스트 오리지널,"2,540,000","986,020,000",695
159,TV/방송,ATEEZ,"2,520,000","277,580,000",379
160,음악/댄스/가수,GIRLS' GENERATION,"2,490,000","174,270,000",79
162,음식/요리/레시피,ZOEY ASMR 조이,"2,470,000","574,390,000",657
161,키즈/어린이,Boys Playtime,"2,470,000","1,181,060,000",462
163,키즈/어린이,ToyFamily,"2,450,000","420,000",38
165,음식/요리/레시피,애정 Aejeong,"2,440,000","396,890,000",429
164,키즈/어린이,보라미TV BoramiTV,"2,440,000","843,710,000",595
166,TV/방송,EBSDocumentary (EBS 다큐),"2,420,000","2,184,200,000","29,074"
167,음악/댄스/가수,THEBLACKLABEL,"2,390,000","527,250,000",120
168,키즈/어린이,꼬마버스 타요,"2,370,000","1,822,890,000","2,358"
170,스포츠/운동,김종국 GYM JONG KOOK,"2,360,000","89,150,000",26
169,게임,도티 TV,"2,360,000","2,681,250,000","3,271"
171,BJ/인물/연예인,JOLLY,"2,330,000","530,370,000",358
172,BJ/인물/연예인,International Couple[사샤와 제이],"2,320,000","264,060,000",159
173,음악/댄스/가수,United CUBE (CUBE Entertainment Official YouTube Channel),"2,310,000","726,720,000","1,574"
175,뉴스/정치/사회,SBS Catch,"2,300,000","2,222,630,000","3,584"
174,BJ/인물/연예인,와썹맨-Wassup Man,"2,300,000","314,460,000",178
176,음악/댄스/가수,창현노래방,"2,280,000","282,070,000",824
177,BJ/인물/연예인,흔한남매,"2,270,000","2,242,420,000",824
180,음악/댄스/가수,여자친구 GFRIEND OFFICIAL,"2,250,000","464,420,000",515
179,BJ/인물/연예인,VIVA DANCE STUDIO,"2,250,000","395,870,000","2,278"
178,패션/미용,RISABAE,"2,250,000","269,990,000",377
182,음악/댄스/가수,채널 NCT MUSIC,"2,240,000","171,640,000",29
181,음악/댄스/가수,SHINee,"2,240,000","214,750,000",155
185,음악/댄스/가수,MONSTA X,"2,230,000","280,510,000",113
184,BJ/인물/연예인,엔조이커플enjoycouple,"2,230,000","818,210,000",557
183,영화/만화/애니,총몇명,"2,230,000","806,590,000",327
187,해외,The Wiggles,"2,220,000","2,652,030,000",676
186,음악/댄스/가수,The K-POP,"2,220,000","649,710,000","8,062"
189,미분류,GH'S,"2,210,000","934,370,000",122
188,키즈/어린이,MariAndFriends,"2,210,000","1,522,380,000","1,807"
191,TV/방송,스브스 예능맛집,"2,200,000","1,700,220,000","3,600"
190,키즈/어린이,또봇 V · 메탈리온 [Tobot V · Metalions],"2,200,000","2,744,880,000","1,913"
195,BJ/인물/연예인,진용진,"2,190,000","659,600,000",433
194,음악/댄스/가수,SUPER JUNIOR,"2,190,000","112,820,000",219
193,음악/댄스/가수,official IZ*ONE,"2,190,000","579,450,000",270
192,BJ/인물/연예인,해그린달 haegreendal,"2,190,000","90,790,000",60
196,음악/댄스/가수,채널 NCT DANCE,"2,180,000","194,080,000",42
197,음식/요리/레시피,꿀키honeykki,"2,160,000","269,100,000",429
198,음식/요리/레시피,흥삼이네 Heungsam's Family,"2,140,000","1,069,350,000","1,416"
199,키즈/어린이,"토닥토닥 꼬모 - 애니메이션, 동요, 놀이","2,130,000","2,517,730,000",872
201,음악/댄스/가수,OfficialGDRAGON,"2,110,000","66,120,000",0
200,음악/댄스/가수,4Minute 포미닛(Official YouTube Channel),"2,110,000","1,268,430,000",82
202,게임,감스트GAMST,"2,100,000","1,447,090,000","4,470"
205,음악/댄스/가수,헨리 Henry Lau,"2,090,000","190,800,000",175
204,키즈/어린이,[wonderkids TV] 원더키즈 TV,"2,090,000","923,880,000",939
203,애완/반려동물,수리노을SuriNoel,"2,090,000","728,970,000","1,061"
207,영화/만화/애니,레이디버그TV,"2,070,000","124,830,000",221
206,BJ/인물/연예인,공대생 변승주 DS,"2,070,000","1,445,830,000","1,515"
209,TV/방송,보길 bogil,"2,050,000","821,430,000","1,118"
208,교육/강의,디바제시카DeevaJessica,"2,050,000","862,120,000","2,981"
210,음식/요리/레시피,Chihun ASMR 치훈,"2,040,000","363,980,000",463
211,교육/강의,올리버쌤,"2,030,000","552,120,000",642
212,TV/방송,퇴경아 약먹자,"2,020,000","340,570,000",662
213,IT/기술/컴퓨터,ITSub잇섭,"2,010,000","637,160,000",836
216,음악/댄스/가수,KQ ENTERTAINMENT,"2,000,000","719,250,000",319
215,음악/댄스/가수,CL Official Channel,"2,000,000","212,870,000",66
214,키즈/어린이,캐리TV 장난감친구들,"2,000,000","2,690,300,000","2,736"
217,음식/요리/레시피,JerryPop,"1,990,000","721,560,000",414
218,게임,잠뜰 TV,"1,980,000","2,595,810,000","2,908"
219,음식/요리/레시피,도남이먹방Donam,"1,960,000","637,440,000",832
222,음악/댄스/가수,woolliment,"1,950,000","773,910,000",805
221,뉴스/정치/사회,SBS 뉴스,"1,950,000","3,073,980,000","119,397"
220,키즈/어린이,Toy Wizard [토이위자드],"1,950,000","721,270,000",643
223,음악/댄스/가수,CHEN,"1,940,000","32,080,000",10
224,TV/방송,아는형님 Knowingbros,"1,930,000","865,910,000","1,814"
225,음악/댄스/가수,EXID_OFFICIAL,"1,920,000","652,240,000",332
227,애완/반려동물,밀키복이탄이MilkyBokiTan,"1,910,000","581,200,000",387
226,키즈/어린이,뉴욕이네,"1,910,000","866,940,000",756
228,음식/요리/레시피,FoodieBoy 푸디보이,"1,890,000","660,570,000","1,140"
231,뉴스/정치/사회,채널A,"1,880,000","2,190,840,000","24,169"
230,교육/강의,슈카월드,"1,880,000","297,560,000",978
229,교육/강의,데이브 World of Dave,"1,880,000","454,660,000",647
232,TV/방송,tvN D STUDIO,"1,870,000","576,000,000","1,089"
233,키즈/어린이,캐릭온 TV,"1,840,000","1,900,420,000",737
236,음악/댄스/가수,ARIRANG K-POP,"1,830,000","735,370,000","28,274"
235,뉴스/정치/사회,JTBC News,"1,830,000","2,880,420,000","124,151"
234,취미/라이프,Imaginative Guy,"1,830,000","587,190,000",118
237,영화/만화/애니,CheezeFilm,"1,810,000","437,580,000",219
241,키즈/어린이,Dollightful,"1,800,000","279,400,000",151
240,음악/댄스/가수,A-YEON,"1,800,000","209,450,000",60
239,음악/댄스/가수,셀프어쿠스틱selfacoustic,"1,800,000","427,430,000",159
238,음식/요리/레시피,ASMR Suna 꿀꿀선아,"1,800,000","433,990,000",324
244,음악/댄스/가수,DAY6,"1,790,000","286,220,000",359
243,음악/댄스/가수,loonatheworld,"1,790,000","628,080,000","1,058"
242,영화/만화/애니,고몽,"1,790,000","751,670,000",449
246,스포츠/운동,Allblanc TV,"1,780,000","199,260,000",365
245,음악/댄스/가수,BTOB 비투비 (Official YouTube Channel),"1,780,000","447,860,000",615
247,영화/만화/애니,짤툰,"1,770,000","1,034,260,000",557
250,음악/댄스/가수,비몽,"1,760,000","929,140,000","4,577"
249,게임,악동 김블루,"1,760,000","1,032,860,000",811
248,키즈/어린이,꾹TV(Kkuk TV),"1,760,000","1,042,100,000","1,417"
252,음악/댄스/가수,MLD ENTERTAINMENT,"1,750,000","710,120,000",603
251,IT/기술/컴퓨터,밝은 면 Bright Side Korea,"1,750,000","464,450,000","3,516"
256,뉴스/정치/사회,MBCNEWS,"1,740,000","4,096,660,000","124,516"
255,패션/미용,Wishtrend TV,"1,740,000","151,130,000",854
254,음식/요리/레시피,입짧은햇님,"1,740,000","700,640,000","2,533"
253,TV/방송,dingo freestyle,"1,740,000","1,023,460,000",962
258,애완/반려동물,내셔널지오그래픽 - National Geographic Korea,"1,720,000","753,870,000","3,109"
257,패션/미용,조효진 HYOJIN,"1,720,000","172,200,000",314
260,음악/댄스/가수,THE BOYZ,"1,700,000","332,420,000",536
259,BJ/인물/연예인,보물섬,"1,700,000","1,158,530,000",463
262,게임,양띵 유튜브,"1,690,000","1,918,710,000","7,428"
261,애완/반려동물,슈앤트리 SHU AND TREE,"1,690,000","370,570,000",379
265,음악/댄스/가수,OfficialLEEHI,"1,680,000","375,040,000",105
264,키즈/어린이,대문밖장덕대,"1,680,000","801,960,000","1,648"
263,영화/만화/애니,지무비 : G Movie,"1,680,000","586,050,000",270
267,주식/경제/부동산,신사임당,"1,660,000","233,810,000","1,114"
266,음악/댄스/가수,DJ SODA OFFICIAL,"1,650,000","228,160,000",160
270,스포츠/운동,SPOTV,"1,640,000","1,438,680,000","40,863"
269,게임,대도서관TV (buzzbean11),"1,640,000","1,437,850,000","9,520"
268,TV/방송,콬TV,"1,640,000","555,800,000",790
271,TV/방송,문명특급 - MMTG,"1,630,000","384,570,000",263
275,뉴스/정치/사회,EBSCulture (EBS 교양),"1,620,000","1,207,740,000","42,106"
274,음악/댄스/가수,AOMGOFFICIAL,"1,620,000","375,170,000",363
273,키즈/어린이,유라야놀자(Let's play YURA),"1,620,000","1,715,880,000","1,457"
272,BJ/인물/연예인,더블비,"1,620,000","980,580,000",472
279,미분류,INTHESOOP_TV,"1,610,000","34,780,000",42
278,음악/댄스/가수,GOT7,"1,610,000","22,320,000",3
277,주식/경제/부동산,삼프로TV_경제의신과함께,"1,610,000","495,120,000","6,344"
276,음식/요리/레시피,슈기님,"1,610,000","639,860,000","1,422"
281,음악/댄스/가수,PENTAGON 펜타곤 (Official YouTube Channel),"1,600,000","229,020,000",426
280,음식/요리/레시피,HONG SOUND,"1,600,000","381,710,000","1,025"
283,뉴스/정치/사회,디글 클래식 :Diggle Classic,"1,590,000","3,764,480,000","23,595"
282,패션/미용,Leesuhyun,"1,590,000","73,530,000",101
287,TV/방송,KBS 한국방송,"1,580,000","1,472,880,000","28,772"
286,음식/요리/레시피,ETTV 이티티비,"1,580,000","672,610,000","1,088"
285,음악/댄스/가수,NU'EST,"1,580,000","236,990,000",656
284,게임,뜨뜨뜨뜨,"1,580,000","746,450,000","1,517"
288,TV/방송,조재원,"1,570,000","409,380,000",291
291,애완/반려동물,[THE SOY]루퐁이네,"1,560,000","477,930,000",351
290,음악/댄스/가수,DOJIN도진이,"1,560,000","84,190,000",52
289,뉴스/정치/사회,진성호방송,"1,560,000","2,015,860,000","8,524"
294,TV/방송,MBN Entertainment,"1,550,000","1,565,600,000","40,884"
293,키즈/어린이,지니키즈 Genikids (인기 동요・동화),"1,550,000","1,226,770,000","1,230"
292,음악/댄스/가수,Daily Busking,"1,550,000","616,400,000",968
297,음식/요리/레시피,승우아빠,"1,540,000","463,250,000",631
296,음식/요리/레시피,최고다윽박EUGBAK,"1,540,000","872,030,000","1,586"
295,음악/댄스/가수,버블디아,"1,540,000","411,490,000","1,208"
298,게임,김재원의 즐거운 세상,"1,530,000","1,691,080,000","1,939"
299,키즈/어린이,Edu car toy school,"1,520,000","790,950,000","1,300"
304,뉴스/정치/사회,KBS Drama Classic,"1,510,000","1,387,070,000","9,636"
303,키즈/어린이,브라보키즈_BRAVO KIDS,"1,510,000","1,559,320,000","1,824"
302,패션/미용,ssin 씬님,"1,510,000","439,700,000",706
301,게임,태경 TV,"1,510,000","2,219,720,000","2,613"
300,음식/요리/레시피,[Nareum_TV] 나름TV,"1,510,000","552,900,000",839
305,게임,T1 Faker,"1,500,000","287,050,000","1,224"
306,음악/댄스/가수,FNCEnt,"1,490,000","319,760,000","1,455"
311,BJ/인물/연예인,[상윤쓰]Sangyoon,"1,480,000","305,920,000",163
310,음악/댄스/가수,시즌비시즌 Season B Season,"1,480,000","165,960,000",71
309,취미/라이프,피식대학Psick Univ,"1,480,000","409,620,000",436
308,음식/요리/레시피,칩chip,"1,480,000","200,600,000",35
307,BJ/인물/연예인,웃소 Wootso,"1,480,000","1,448,940,000",731
312,BJ/인물/연예인,JAYKEEOUT,"1,470,000","208,110,000",224
315,BJ/인물/연예인,혜리,"1,460,000","73,960,000",69
314,음악/댄스/가수,Lemoring,"1,460,000","858,040,000",508
313,TV/방송,"안구정화TV, Your Korean Friend","1,460,000","121,760,000",170
317,TV/방송,KBS HUMAN: 뭉클티비,"1,450,000","760,340,000","3,902"
316,음악/댄스/가수,Chuther츄더[문에스더],"1,450,000","207,870,000",153
319,TV/방송,MKTV 김미경TV,"1,440,000","274,130,000","1,677"
318,음식/요리/레시피,ARIKITCHEN (아리키친),"1,440,000","351,360,000",458
323,키즈/어린이,티디키즈 (인기 동요・동화),"1,430,000","932,070,000",421
322,음악/댄스/가수,워너뮤직코리아 (Warner Music Korea),"1,430,000","860,460,000","2,663"
321,TV/방송,동네놈들,"1,430,000","322,520,000",296
320,교육/강의,사물궁이 잡학지식,"1,430,000","236,330,000",295
324,뉴스/정치/사회,신의한수,"1,420,000","1,160,860,000","8,721"
331,게임,소맥거핀,"1,410,000","391,770,000",188
330,뉴스/정치/사회,SBS STORY,"1,410,000","1,765,090,000","79,633"
329,뉴스/정치/사회,KBS News,"1,410,000","2,037,120,000","186,812"
328,BJ/인물/연예인,급식왕,"1,410,000","1,630,950,000",677
327,뉴스/정치/사회,세바시 강연 Sebasi Talk,"1,410,000","304,330,000","2,061"
326,교육/강의,jannahkorea 잔나코리아,"1,410,000","135,260,000",429
325,음식/요리/레시피,엠브로 MBRO,"1,410,000",0,0
332,음악/댄스/가수,K-Tigers TV,"1,400,000","205,970,000",467
336,스포츠/운동,식빵언니 김연경Bread Unnie,"1,390,000","76,310,000",59
335,BJ/인물/연예인,장지수,"1,390,000","446,060,000",748
334,키즈/어린이,깨비키즈 [KEBIKIDS],"1,390,000","1,516,310,000","1,771"
333,TV/방송,Mera,"1,390,000","1,219,730,000","7,536"
338,BJ/인물/연예인,철구형 (CHULTUBE),"1,380,000","1,300,770,000","6,928"
337,TV/방송,Solfa,"1,380,000","230,900,000",50
341,음식/요리/레시피,산적TV 밥굽남,"1,370,000","294,210,000",565
340,교육/강의,체인지그라운드,"1,370,000","261,540,000","3,309"
339,BJ/인물/연예인,NALU,"1,370,000","103,360,000",161
343,취미/라이프,낄낄상회,"1,360,000","369,200,000",272
342,음악/댄스/가수,BEAST 비스트 (Official YouTube Channel),"1,360,000","589,190,000",118
345,음식/요리/레시피,이 남자의 cook,"1,350,000","250,420,000",568
344,영화/만화/애니,김시선,"1,350,000","444,770,000",399
349,TV/방송,Beginagain 비긴어게인,"1,340,000","554,370,000",989
348,TV/방송,BLACKHAND,"1,340,000","329,050,000",50
347,키즈/어린이,헬로카봇 - hello carbot official,"1,340,000","1,231,250,000","1,191"
346,BJ/인물/연예인,박막례 할머니 Korea_Grandma,"1,340,000","411,780,000",448
350,BJ/인물/연예인,신세경 sjkuksee,"1,330,000","47,830,000",34
351,게임,우주하마,"1,330,000","699,710,000","1,886"
356,교육/강의,seemile Korean,"1,320,000","94,490,000","1,100"
355,음악/댄스/가수,Dreamcatcher official,"1,320,000","353,680,000",406
354,음악/댄스/가수,선미 SUNMI,"1,320,000","277,050,000",161
353,음악/댄스/가수,ONEUS,"1,320,000","230,540,000",378
352,음악/댄스/가수,Apink (에이핑크),"1,320,000","366,380,000",644
358,음식/요리/레시피,취미로 요리하는 남자 Yonam,"1,310,000","116,760,000",75
357,게임,침착맨,"1,310,000","813,090,000","5,986"
364,미분류,Access,"1,300,000","1,146,210,000","25,545"
363,음악/댄스/가수,AOA,"1,300,000","686,310,000",195
362,TV/방송,dingo global DGG,"1,300,000","397,490,000",405
361,교육/강의,Talk To Me In Korean,"1,300,000","63,510,000","1,725"
360,음악/댄스/가수,GENIE MUSIC,"1,300,000","449,110,000","4,137"
359,BJ/인물/연예인,정선호,"1,300,000","486,160,000",439
370,키즈/어린이,뉴욕이랑 컬러,"1,290,000","470,220,000",509
369,TV/방송,한문철 TV,"1,290,000","1,362,220,000","14,663"
368,TV/방송,디스커버리 서바이벌 - Discovery Survival,"1,290,000","380,740,000",458
367,뉴스/정치/사회,채널A 뉴스,"1,290,000","1,574,740,000","64,538"
366,게임,우왁굳의 게임방송,"1,290,000","1,103,040,000","7,382"
365,취미/라이프,탱구TV,"1,290,000","46,760,000",27
373,음악/댄스/가수,Prepix Dance Studio,"1,280,000","226,240,000","4,540"
372,음악/댄스/가수,2PM,"1,280,000","375,300,000",433
371,애완/반려동물,강형욱의 보듬TV - Dog Trainer Kang,"1,280,000","231,730,000",701
377,TV/방송,14F 일사에프,"1,270,000","423,830,000","2,512"
376,패션/미용,lamuqe,"1,270,000","118,750,000",278
375,음식/요리/레시피,파뿌리,"1,270,000","1,153,170,000","1,386"
374,TV/방송,딩고 스토리 / dingo story,"1,270,000","286,020,000",333
382,TV/방송,디글 :Diggle,"1,260,000","2,786,250,000","16,118"
381,BJ/인물/연예인,임영웅,"1,260,000","1,139,480,000",583
380,음악/댄스/가수,RealVIXX,"1,260,000","373,060,000",730
379,애완/반려동물,크집사,"1,260,000","229,330,000",348
378,스포츠/운동,Shoot for Love 슛포러브,"1,260,000","687,270,000",758
386,TV/방송,잼스터,"1,250,000","373,900,000",410
385,TV/방송,오킹TV,"1,250,000","513,600,000","1,351"
384,TV/방송,eaJ,"1,250,000","51,720,000",31
383,음악/댄스/가수,MOVE Dance Studio,"1,250,000","263,510,000","2,629"
388,TV/방송,오분순삭,"1,240,000","1,378,550,000","1,675"
387,TV/방송,놀면 뭐하니?,"1,240,000","466,340,000",621
391,TV/방송,sNack!,"1,230,000","979,090,000","1,928"
393,음악/댄스/가수,TJ KARAOKE TJ 노래방 공식 유튜브채널,"1,230,000","1,448,420,000","56,084"
390,게임,악어 유튜브,"1,230,000","1,416,640,000","6,504"
389,TV/방송,피키픽처스 Piki Pictures,"1,230,000","455,570,000",569
394,음악/댄스/가수,SEVENTEEN Japan official Youtube,"1,220,000","204,620,000",112
392,음악/댄스/가수,official A.C.E,"1,220,000","165,650,000",569
398,TV/방송,그것이 알고싶다 공식계정,"1,210,000","330,390,000",568
397,게임,혜안,"1,210,000","455,570,000",812
396,취미/라이프,휘트니 whitney bae,"1,210,000","306,520,000",317
395,게임,테스터훈 TesterHoon,"1,210,000","816,070,000","2,399"
404,교육/강의,조승연의 탐구생활,"1,200,000","90,620,000",218
403,TV/방송,KBS CoolFM,"1,200,000","562,060,000","8,957"
402,음악/댄스/가수,DaftTaengk,"1,200,000","343,740,000","4,430"
401,TV/방송,뻑가 PPKKa,"1,200,000","779,560,000",809
400,BJ/인물/연예인,ondo온도,"1,200,000","119,310,000",184
399,음식/요리/레시피,스윗더미 . Sweet The MI,"1,200,000","117,380,000",318
413,TV/방송,Coreaníssima 엘레나,"1,190,000","80,790,000",192
412,BJ/인물/연예인,턱형 (GOD-TUK),"1,190,000","416,830,000",524
411,패션/미용,다또아Daddoa,"1,190,000","94,450,000",191
410,BJ/인물/연예인,Lia Kim,"1,190,000","66,740,000",54
409,뉴스/정치/사회,사람사는세상노무현재단,"1,190,000","125,930,000",878
408,패션/미용,회사원A,"1,190,000","396,960,000",530
407,취미/라이프,Squash Clay 쪼물쪼물 클레이,"1,190,000","210,770,000",457
406,음식/요리/레시피,DICKHUNTER딕헌터🌶,"1,190,000","304,100,000",399
405,BJ/인물/연예인,수상한녀석들,"1,190,000","249,300,000",167
416,회사/오피셜,미스&미스터트롯 공식계정,"1,180,000","984,060,000","3,436"
415,뉴스/정치/사회,TBS 시민의방송,"1,180,000","985,910,000","35,861"
414,TV/방송,모비딕 Mobidic,"1,180,000","358,800,000","1,278"
418,음식/요리/레시피,우리의식탁 W TABLE,"1,170,000","91,150,000",368
417,음식/요리/레시피,먹어볼래TryToEat,"1,170,000","177,180,000",214
420,TV/방송,달라스튜디오,"1,160,000","143,610,000",94
419,영화/만화/애니,PLAYY ANI 플레이애니,"1,160,000","478,930,000",673
427,음악/댄스/가수,CLC 씨엘씨 (Official YouTube Channel),"1,150,000","237,760,000",188
424,음악/댄스/가수,YGTAEYANG,"1,150,000","65,230,000",26
423,TV/방송,CJ ENM,"1,150,000","1,751,800,000","14,887"
422,영화/만화/애니,Tooniverse-투니버스,"1,150,000","814,910,000","3,921"
421,키즈/어린이,미니카 Minicar,"1,150,000","672,090,000","1,651"
428,BJ/인물/연예인,소련여자 Soviet girl in Seoul,"1,140,000","161,690,000",107
426,TV/방송,티캐스트 tcast,"1,140,000","1,304,860,000","9,187"
425,BJ/인물/연예인,Cheri Hyeri 체리 혜리,"1,140,000","159,430,000",371
432,음식/요리/레시피,야식이,"1,130,000","408,950,000","1,255"
431,음식/요리/레시피,야식이,"1,130,000","408,950,000","1,255"
430,국내/해외/여행,코이티비KOITV,"1,130,000","743,980,000","1,270"
429,애완/반려동물,haha ha,"1,130,000","395,620,000",446
436,IT/기술/컴퓨터,약사가 들려주는 약 이야기,"1,120,000","137,200,000",468
435,음식/요리/레시피,애주가TV참PD,"1,120,000","519,270,000","1,127"
434,애완/반려동물,정브르,"1,120,000","529,460,000","1,561"
433,취미/라이프,효기심,"1,120,000","142,380,000",195
438,음악/댄스/가수,강다니엘 KANGDANIEL,"1,110,000","182,240,000",122
437,음식/요리/레시피,히밥heebab,"1,110,000","286,140,000",387
442,스포츠/운동,힙으뜸,"1,100,000","194,580,000",324
441,음식/요리/레시피,BenDeen,"1,100,000","146,720,000",318
440,취미/라이프,rappeler하쁠리,"1,100,000","436,840,000",697
439,게임,릴카,"1,100,000","404,200,000",936
449,키즈/어린이,woojoo우주,"1,090,000","361,000,000",85
448,음악/댄스/가수,Rock Music,"1,090,000","583,690,000","7,690"
447,음악/댄스/가수,PLEDIS ENTERTAINMENT,"1,090,000","278,730,000",252
446,TV/방송,Dingo K-Drama,"1,090,000","200,110,000",411
445,패션/미용,kiu기우쌤,"1,090,000","320,700,000",342
444,음식/요리/레시피,맛있는 녀석들 (Tasty Guys),"1,090,000","1,232,290,000","3,183"
443,음악/댄스/가수,UPVOTE Entertainment,"1,090,000","258,930,000","1,276"
455,BJ/인물/연예인,헌터퐝,"1,080,000","235,900,000",284
454,주식/경제/부동산,[삼성증권] Samsung POP,"1,080,000","110,760,000","1,101"
453,미분류,1분미만,"1,080,000","241,400,000",146
460,음악/댄스/가수,MORE THAN YOUTH,"1,080,000","263,330,000",735
452,TV/방송,V LIVE,"1,080,000","632,930,000","2,821"
451,게임,겜브링 GGAM BRING,"1,080,000","1,233,010,000","2,155"
450,취미/라이프,Bandung Oppa 반둥오빠,"1,080,000","88,280,000",369
461,뉴스/정치/사회,KBS 다큐,"1,070,000","631,500,000","50,038"
459,음악/댄스/가수,CNBLUE (씨엔블루),"1,070,000","218,840,000",192
458,TV/방송,SK telecom,"1,070,000","811,880,000","2,280"
457,교육/강의,법륜스님의 즉문즉설,"1,070,000","699,580,000","1,816"
456,키즈/어린이,마이린 TV,"1,070,000","758,710,000","2,373"
469,미분류,퍼런안경_BLAS,"1,060,000","233,240,000",85
468,영화/만화/애니,Puuung,"1,060,000","49,960,000",307
467,영화/만화/애니,달빛뮤즈,"1,060,000","236,670,000",408
466,뉴스/정치/사회,비디오머그 - VIDEOMUG,"1,060,000","1,742,470,000","5,201"
465,영화/만화/애니,드림텔러(DreamTeller),"1,060,000","132,960,000",134
464,영화/만화/애니,B Man 삐맨,"1,060,000","519,840,000",553
463,음식/요리/레시피,핫도그TV,"1,060,000","780,570,000",938
462,TV/방송,이슈텔러 issueTeller,"1,060,000","467,030,000",594
478,미분류,뽀송한 준_bosungjun,"1,050,000","86,710,000",111
477,TV/방송,우와한 비디오,"1,050,000","1,183,060,000","1,282"
476,TV/방송,sankok esl,"1,050,000","8,880,000",103
475,키즈/어린이,브레드이발소,"1,050,000","469,000,000",692
474,BJ/인물/연예인,조섭 Jossup,"1,050,000","444,640,000","1,185"
473,취미/라이프,집꾸미기,"1,050,000","102,960,000",235
472,음악/댄스/가수,SUPER SOUND Bugs!,"1,050,000","661,730,000","3,064"
471,BJ/인물/연예인,Sibonggyun 시봉균,"1,050,000","63,980,000",356
470,TV/방송,밍꼬발랄Mingggo,"1,050,000","1,344,960,000",851
481,국내/해외/여행,빠니보틀 Pani Bottle,"1,040,000","208,210,000",235
480,패션/미용,써니채널 Sunny's Channel,"1,040,000","95,800,000",166
479,취미/라이프,Kim Miso,"1,040,000","63,240,000",331
484,주식/경제/부동산,미래에셋 스마트머니,"1,030,000","97,400,000","1,341"
483,음악/댄스/가수,빅마블,"1,030,000","8,440,000",9
482,BJ/인물/연예인,성수커플 - S.S Couple,"1,030,000",0,0
488,미분류,채꾸똥꾸 (Cherry & Dong),"1,020,000","287,580,000",296
487,영화/만화/애니,DinoCore TUBA,"1,020,000","712,950,000",928
486,게임,코너Korner,"1,020,000","629,190,000",627
485,음식/요리/레시피,얌무YAMMoo,"1,020,000","205,020,000",603
496,미분류,김작가 TV,"1,010,000","195,470,000","1,496"
495,미분류,사피엔스 스튜디오,"1,010,000","279,560,000","3,180"
494,음식/요리/레시피,수빙수tv sooBingsoo,"1,010,000","307,150,000",278
493,게임,기리TV,"1,010,000","1,028,220,000","2,582"
492,교육/강의,공부의신 강성태,"1,010,000","279,870,000","2,690"
491,BJ/인물/연예인,유준호,"1,010,000","445,090,000","1,275"
490,게임,킴성태TV,"1,010,000","709,280,000","1,660"
489,BJ/인물/연예인,소근커플 S.K.Couple,"1,010,000","365,100,000",415
505,미분류,김소형 채널H,"1,000,000","183,410,000",797
504,뉴스/정치/사회,뉴스TVCHOSUN,"1,000,000","756,910,000","67,312"
503,키즈/어린이,JoyKids,"1,000,000","567,150,000",162
502,음악/댄스/가수,KIM HYUN JOONG.official,"1,000,000","131,120,000",343
501,키즈/어린이,마시따 MASITTA,"1,000,000","594,660,000",221
500,회사/오피셜,KB국민카드,"1,000,000","180,380,000",475
499,게임,쁘허,"1,000,000","364,830,000",985
498,TV/방송,딩고 / dingo,"1,000,000","333,320,000",690
497,취미/라이프,츄팝,"1,000,000","467,270,000",458
506,해외,TNT,"990,000","619,420,000","4,448"
507,키즈/어린이,퍼플 토이박스(Purple Toy Box),"980,000","607,920,000","1,374"
509,뉴스/정치/사회,SBS Radio 에라오,"980,000","521,540,000","16,159"
508,TV/방송,유병재,"980,000","150,890,000",154
510,게임,램램TV,"980,000","824,010,000","2,274"
513,미분류,공부왕찐천재 홍진경,"980,000","113,600,000",116
512,음식/요리/레시피,가르마[GARMA],"980,000","285,230,000","1,159"
511,게임,텔론,"980,000","937,290,000","3,291"
514,취미/라이프,제이제이살롱드핏,"970,000","187,730,000",438
515,게임,유키 YOUKI,"970,000","225,190,000",918
517,취미/라이프,ColorMonsters Toy,"970,000","545,590,000","1,040"
516,스포츠/운동,말왕TV,"970,000","342,990,000",901
518,미분류,연스커플 Yeon's Couple,"960,000","181,020,000",248
519,음악/댄스/가수,일반인들의 소름돋는 라이브 / Best covers,"960,000","394,150,000","3,764"
520,게임,액션홍구,"960,000","552,400,000","2,953"
521,뉴스/정치/사회,MBN News,"950,000","1,005,010,000","102,875"
522,음식/요리/레시피,SOF,"950,000","356,250,000","1,513"
524,TV/방송,키에커,"950,000","286,350,000",164
523,BJ/인물/연예인,U.M.A.우마,"950,000","232,090,000",141
526,영화/만화/애니,Hello Jadoo TV 안녕 자두야,"950,000","344,540,000",474
525,게임,잉여맨 유튜브,"950,000","864,240,000","2,173"
527,뉴스/정치/사회,조선일보,"950,000","526,130,000","13,367"
528,미분류,제발돼라 PleaseBee,"950,000","206,210,000",170
529,게임,괴물쥐 유튜브,"940,000","686,200,000",930
530,키즈/어린이,Toystar TV,"940,000","390,680,000",78
531,음악/댄스/가수,장범준,"940,000","330,120,000",504
532,BJ/인물/연예인,슛뚜sueddu,"940,000","45,900,000",188
533,미분류,핏블리 FITVELY,"940,000","228,410,000",627
534,회사/오피셜,SM C&C STUDIO,"930,000","118,450,000",727
535,음악/댄스/가수,MUPLY 뮤플리,"930,000","263,280,000",502
538,영화/만화/애니,WatchcarTV,"930,000","438,940,000",201
537,TV/방송,it's Live,"930,000","268,520,000",510
536,음식/요리/레시피,삼대장 Samdaejang,"930,000","510,520,000","1,113"
541,BJ/인물/연예인,하하 PD HAHA PD,"930,000","57,560,000",102
540,미분류,STAYC,"930,000","247,050,000",140
539,뉴스/정치/사회,배승희 변호사,"930,000","518,160,000","1,489"
542,패션/미용,디렉터 파이,"920,000","129,530,000",276
544,TV/방송,YG TREASURE BOX,"920,000","260,150,000",496
543,BJ/인물/연예인,남순 NS,"920,000","931,150,000","3,547"
545,TV/방송,옛능 : MBC 옛날 예능 다시보기,"920,000","1,237,350,000","2,324"
547,영화/만화/애니,리뷰엉이: Owl's Review,"920,000","323,580,000",474
546,게임,마재TV,"920,000","678,520,000","3,946"
550,미분류,Louis Vuitton,"910,000","396,230,000",309
549,음악/댄스/가수,SF9,"910,000","72,960,000",299
548,음악/댄스/가수,MUSIC&NEW 뮤직앤뉴,"910,000","994,780,000","7,051"
552,키즈/어린이,토깽이네,"910,000","935,070,000","1,421"
551,음악/댄스/가수,ALiEN,"910,000","186,350,000",275
553,미분류,지켜츄 Chuu Can Do It,"910,000","68,990,000",87
554,BJ/인물/연예인,띠미 ddimmi,"910,000","356,250,000",740
555,영화/만화/애니,신비아파트 공식채널 - Shinbi House,"910,000","536,960,000","1,338"
556,TV/방송,배꼽빌라,"910,000","292,560,000",425
557,키즈/어린이,Boram Tube Friends,"900,000","7,320,000",73
559,미분류,밀라논나 Milanonna,"900,000","59,120,000",87
558,키즈/어린이,액션 Action,"900,000","435,740,000","1,594"
560,키즈/어린이,POYO Music Official,"900,000","694,930,000","1,514"
562,음악/댄스/가수,H1GHR MUSIC,"900,000","233,980,000",484
561,패션/미용,Saerom Min개코의 오픈스튜디오,"900,000","106,620,000",158
564,미분류,논리왕 전기,"890,000","102,960,000",85
563,미분류,엄마의손맛,"890,000","196,010,000",594
565,뉴스/정치/사회,신인균의 국방TV,"890,000","443,880,000","1,738"
566,패션/미용,윤쨔미 YoonCharmi,"890,000","236,980,000",332
567,BJ/인물/연예인,(MUTUBE)와꾸대장봉준,"890,000","809,080,000","7,654"
568,영화/만화/애니,LICO TV,"890,000","129,140,000",188
571,영화/만화/애니,Netflix Korea 넷플릭스 코리아,"880,000","250,780,000","1,535"
570,게임,테드TV,"880,000","805,500,000","2,241"
569,애완/반려동물,소녀의행성 Girlsplanet,"880,000","300,050,000",408
572,게임,군림보,"880,000","620,810,000","4,866"
573,IT/기술/컴퓨터,의학채널 비온뒤,"880,000","207,170,000","4,910"
574,해외,Variety,"880,000","426,580,000","4,194"
576,음식/요리/레시피,고기남자 MeatMan,"870,000","113,760,000",73
580,TV/방송,준우,"870,000","233,470,000",187
575,국내/해외/여행,Sophie Kim _하은,"870,000","27,750,000",116
577,TV/방송,김이브님 [kim eve],"870,000","631,520,000","2,836"
578,TV/방송,z a m,"870,000","597,310,000","1,804"
579,키즈/어린이,뚜아뚜지TV,"870,000","390,610,000","1,305"
581,게임,Partition Zion,"870,000","382,350,000",944
583,음악/댄스/가수,missA,"870,000","368,950,000",49
582,뉴스/정치/사회,딴지방송국,"870,000","207,500,000",673
584,게임,머독방송,"860,000","808,350,000","11,472"
586,미분류,미션 파서블,"860,000","109,120,000",104
585,음악/댄스/가수,MBC every1,"860,000","906,130,000","14,713"
588,해외,ZeeKay Junior,"850,000","848,710,000",884
587,TV/방송,라이프타임,"850,000","320,640,000","1,605"
589,취미/라이프,달려라치킨 Dalchi,"850,000","215,880,000",597
591,TV/방송,fantagio 판타지오,"850,000","201,920,000",233
590,게임,연다,"850,000","538,720,000","1,900"
593,음악/댄스/가수,HOLLAND,"850,000","29,820,000",28
592,BJ/인물/연예인,강유미 yumi kang좋아서 하는 채널,"850,000","207,180,000",335
596,음악/댄스/가수,TSENT2008,"840,000","383,610,000",445
595,애완/반려동물,냥이아빠,"840,000","302,430,000",491
594,게임,돼지저금통,"840,000","1,445,510,000","5,640"
597,키즈/어린이,고고다이노 - GOGO DINO,"840,000","630,420,000",843
599,게임,울산큰고래 박성주,"840,000","639,680,000","3,176"
598,패션/미용,Jella젤라,"840,000","60,210,000",200
601,키즈/어린이,주니토니 동요동화 - 키즈캐슬,"840,000","718,210,000",643
600,영화/만화/애니,빨강도깨비,"840,000","337,820,000",345
602,교육/강의,라이브 아카데미,"830,000","77,590,000",501
604,미분류,Jin & Juice,"830,000","148,510,000",202
603,미분류,토모토모TomoTomo,"830,000","136,710,000",132
605,미분류,랄로,"830,000","289,620,000",363
606,미분류,임한올 Hanol Rim,"820,000","94,770,000",146
607,미분류,엠뚜루마뚜루 : MBC 공식 종합 채널,"820,000","1,040,290,000","1,697"
608,음악/댄스/가수,PARK JIHOON Official,"820,000","48,480,000",210
612,게임,개리형,"820,000","336,410,000",579
611,취미/라이프,Mimine Miniature 미미네 미니어처,"820,000","160,670,000",162
610,TV/방송,Megan Moon,"820,000","130,570,000",524
609,IT/기술/컴퓨터,1분과학,"820,000","77,530,000",60
613,음식/요리/레시피,뽐뽐뽐,"820,000","65,970,000",194
617,미분류,KCON official,"820,000","112,930,000","1,442"
618,미분류,양장금주부,"820,000","175,670,000",579
616,뉴스/정치/사회,빽능 - 스브스 옛날 예능,"820,000","828,110,000","2,996"
615,TV/방송,Zaty Farhani,"820,000","917,330,000","1,820"
614,음식/요리/레시피,서담SEODAM,"820,000","150,070,000",244
619,패션/미용,UNA 유나,"810,000","66,410,000",157
620,TV/방송,핫소스,"810,000","583,770,000",516
622,키즈/어린이,Robot Trains official,"810,000","609,150,000",744
621,게임,Dorami,"810,000","200,630,000","1,082"
624,TV/방송,이라이라경 ravely,"810,000","239,720,000",359
623,BJ/인물/연예인,쿠쿠크루 - Cuckoo Crew,"810,000","513,060,000",716
626,음악/댄스/가수,• m i n a m o c h i •,"810,000","356,940,000",118
625,음악/댄스/가수,Jenny Yun,"810,000","117,220,000",552
628,게임,T1,"810,000","232,360,000","2,593"
627,음악/댄스/가수,CL,"810,000","59,780,000",5
630,게임,김왼팔,"810,000","514,200,000","2,220"
629,주식/경제/부동산,E트렌드,"810,000","99,910,000","1,764"
635,미분류,이리오너라,"800,000","55,390,000","1,626"
634,미분류,TOP MEDIA,"800,000","178,360,000",512
633,TV/방송,리모콘 by iHQ,"800,000","704,040,000","5,420"
632,키즈/어린이,메카드 - MECARD OFFICIAL,"800,000","640,850,000","1,235"
631,TV/방송,연합뉴스 통통컬처,"800,000","539,870,000","11,384"
643,미분류,키즐 kizzle,"800,000","208,520,000",132
636,음악/댄스/가수,OFFICIAL EPIK HIGH,"800,000","256,000,000",214
638,미분류,함께해요 맛나요리,"800,000","200,210,000",524
637,음식/요리/레시피,THE BOB - 더 밥 스튜디오,"800,000","79,060,000",798
639,영화/만화/애니,람다람,"800,000","91,630,000",72
640,패션/미용,areumsongee아름송이,"800,000","67,390,000",188
641,TV/방송,이환,"800,000","259,730,000",334
642,TV/방송,히스토리,"800,000","519,810,000","1,920"
644,게임,GCL 지씨엘,"800,000","217,190,000",317
646,뉴스/정치/사회,KBS 교양,"800,000","635,240,000","67,279"
645,음악/댄스/가수,Official fromis_9,"800,000","246,290,000",562
647,미분류,랄랄ralral,"800,000","163,940,000",395
649,TV/방송,찬우살이,"790,000","29,510,000",154
648,애완/반려동물,다흑,"790,000","503,610,000","2,424"
650,영화/만화/애니,9bul,"790,000","235,550,000",206
652,TV/방송,덕출 : DCTVGO,"790,000","248,380,000",386
651,뉴스/정치/사회,한국경제TV,"790,000","228,150,000","50,587"
654,키즈/어린이,리틀조이 LittleJoy,"790,000","221,860,000",199
653,뉴스/정치/사회,엠빅뉴스,"790,000","1,673,990,000","3,899"
655,게임,탁주 TV,"780,000","1,681,750,000","2,092"
657,TV/방송,KBS N,"780,000","1,338,710,000","13,719"
660,음악/댄스/가수,wondergirls,"780,000","416,940,000",217
656,TV/방송,옐언니,"780,000","200,420,000",344
659,BJ/인물/연예인,긱블 Geekble,"780,000","203,960,000",327
658,BJ/인물/연예인,SUNBA선바,"780,000","983,590,000","2,292"
661,미분류,Tennis TV,"780,000","613,530,000","4,839"
662,미분류,주부나라,"780,000","188,080,000",864
663,키즈/어린이,ToyCheff,"780,000","367,140,000",453
664,미분류,이재성 박사의 식탁보감,"780,000","64,910,000",250
666,음악/댄스/가수,BRANDNEW MUSIC,"770,000","291,470,000","1,283"
665,TV/방송,STUDIO DIA 스튜디오 다이아,"770,000","205,030,000",524
669,교육/강의,법륜스님의 희망세상만들기,"770,000","384,520,000",753
668,BJ/인물/연예인,StimBoy스팀보이,"770,000","355,590,000",637
667,애완/반려동물,속삭이는몽자,"770,000","194,730,000",467
670,음악/댄스/가수,Healing Meditation,"770,000","84,820,000",241
672,미분류,ROKSEAL,"770,000","87,210,000",100
671,영화/만화/애니,DAZBEE official,"770,000","273,120,000",126
674,음악/댄스/가수,HyunA 현아 (Official YouTube Channel),"770,000","102,070,000",10
673,패션/미용,한별Hanbyul,"770,000","125,260,000",274
675,TV/방송,POWER MOVIE,"770,000","235,820,000",220
677,미분류,지식한입,"770,000","59,430,000",68
676,미분류,SISSEL,"770,000","24,460,000",162
679,영화/만화/애니,뭅뭅,"770,000","346,140,000","3,143"
678,뉴스/정치/사회,전옥현 안보정론TV,"770,000","405,210,000","4,852"
681,미분류,굿라이프,"760,000","92,500,000",986
680,키즈/어린이,로보카폴리 TV,"760,000","455,230,000","1,112"
682,TV/방송,LDF TV by lottedutyfree,"760,000","577,240,000","1,275"
683,TV/방송,Travel Tube,"760,000","814,360,000","1,458"
685,미분류,루키밍 ROOKIE SLIME,"760,000","419,650,000",530
684,미분류,leeminho film,"760,000","11,760,000",15
687,TV/방송,뉴스엔·NewsenTV·KOREA Entertainment news,"760,000","261,440,000","9,205"
686,취미/라이프,공대생가족 GDSF,"760,000","314,900,000","1,228"
688,TV/방송,스튜디오 룰루랄라- studio lululala,"760,000","207,810,000",929
689,음악/댄스/가수,LJ Dance,"750,000","108,440,000","1,934"
691,음악/댄스/가수,VICTON 빅톤,"750,000","159,740,000",723
690,TV/방송,타임스낵,"750,000","205,610,000",209
692,미분류,deemd 딤디,"750,000","73,820,000",151
695,미분류,메리니즈부엌Meliniskitchen,"750,000","125,530,000",128
694,미분류,웅이woongei,"750,000","181,950,000",324
693,국내/해외/여행,EBS 컬렉션 - 라이프스타일,"750,000","450,540,000","3,037"
708,음악/댄스/가수,HEADLINER,"750,000","179,890,000",199
697,뉴스/정치/사회,연합뉴스TV,"750,000","980,600,000","378,855"
696,교육/강의,닥터프렌즈,"750,000","149,120,000",544
701,BJ/인물/연예인,케이,"740,000","504,560,000","3,126"
700,영화/만화/애니,UTZI웃지,"740,000","194,420,000",140
699,BJ/인물/연예인,bobaepapa - 보배아빠,"740,000","341,840,000",361
698,주식/경제/부동산,부동산 읽어주는 남자,"740,000","80,840,000",581
702,미분류,천뚱TV,"740,000","85,890,000",53
704,패션/미용,Yoo's Beauty 희주,"740,000","23,000,000",109
703,음악/댄스/가수,Yuni Marimba 유니 마림바,"740,000","97,930,000",112
707,미분류,Golden Disc Awards,"740,000","200,230,000",501
706,음악/댄스/가수,HYOLYN 효린,"740,000","147,550,000",119
705,TV/방송,Kyunghamin твоя корейская онни,"740,000","66,800,000",344
709,미분류,육식맨 YOOXICMAN,"740,000","126,760,000",112
711,미분류,직업의모든것,"740,000","268,090,000",314
710,음악/댄스/가수,PianiCast - 피아니캐스트,"740,000","194,870,000",107
712,TV/방송,김달,"730,000","250,490,000",749
713,음악/댄스/가수,DKDKTV,"730,000","160,380,000","1,148"
715,영화/만화/애니,Sechi,"730,000","244,140,000",286
714,미분류,랭킹스쿨 Ranking School,"730,000","405,170,000",708
717,애완/반려동물,시바견 곰이탱이여우,"730,000","382,550,000","1,269"
716,게임,김성회의 G식백과,"730,000","164,620,000",254
718,패션/미용,엘리엘라 EllyElla,"730,000","206,240,000",314
720,미분류,1분요리 뚝딱이형,"730,000","105,420,000",153
719,뉴스/정치/사회,가로세로연구소,"730,000","499,570,000","3,221"
721,음악/댄스/가수,MBC WORLD,"730,000","554,280,000","4,756"
722,패션/미용,yeondukong 연두콩,"720,000","95,940,000",375
723,게임,러너꽃빈TV,"720,000","601,560,000","3,204"
725,음악/댄스/가수,B1A4 OFFICIAL +,"720,000","188,180,000",330
724,패션/미용,sunnydahye,"720,000","51,120,000",334
727,미분류,팩토리,"720,000","77,120,000",29
726,음식/요리/레시피,입질의추억TV jiminTV,"720,000","220,690,000",361
728,취미/라이프,DanoTV,"720,000","133,790,000",568
729,미분류,스토리,"720,000","105,840,000",45
730,취미/라이프,Soy ASMR,"720,000","148,650,000",449
732,미분류,DAWN,"710,000","50,630,000",34
731,취미/라이프,Ouvir 오비르,"710,000","123,080,000",161
734,키즈/어린이,지호토이TV JIHOTOY,"710,000","566,290,000","1,866"
733,BJ/인물/연예인,대륙남TV [clark tv],"710,000","401,790,000","3,135"
735,게임,스페셜솔져 - 모바일FPS,"710,000","15,040,000",137
736,뉴스/정치/사회,채널A 뉴스TOP10,"710,000","586,020,000","16,876"
739,미분류,815머니톡,"710,000","193,960,000","3,137"
738,음식/요리/레시피,띠예,"710,000","84,370,000",40
737,TV/방송,걍밍경,"710,000","47,130,000",43
742,미분류,BODA 보다,"710,000","341,000,000",816
741,TV/방송,시미켄 TV,"710,000","87,930,000",86
740,교육/강의,친절한 대학,"710,000","66,980,000",598
746,BJ/인물/연예인,상해기SangHyuk,"710,000","163,720,000",355
745,키즈/어린이,코코몽 COCOMONG TV - Cartoon & Song For Kids,"710,000","872,630,000","1,202"
744,BJ/인물/연예인,송대익 songdaeik,"710,000","381,980,000",440
743,패션/미용,김습습Double Soup,"710,000","56,450,000",291
748,미분류,과나gwana,"710,000","105,830,000",87
747,뉴스/정치/사회,스브스뉴스 SUBUSU NEWS,"710,000","775,510,000","2,639"
750,음악/댄스/가수,임창정,"710,000","221,370,000",307
749,교육/강의,BLACK DOOR,"710,000","97,170,000",383
754,미분류,짧은대본 ShortPaper,"700,000","165,910,000",154
753,음악/댄스/가수,Bigman,"700,000","55,710,000",46
752,음식/요리/레시피,인아짱 Inah Eats,"700,000","153,610,000","1,021"
751,음식/요리/레시피,허미노MINO,"700,000","271,580,000","1,727"
756,BJ/인물/연예인,요리왕비룡 Korean Food Cooking,"700,000","146,770,000",626
755,TV/방송,smile -wA-,"700,000","529,610,000","5,338"
758,미분류,SM STATION,"700,000","53,190,000",91
757,뉴스/정치/사회,Newstapa,"700,000","243,930,000","3,829"
759,음식/요리/레시피,윰댕(yum-cast),"700,000","518,090,000","3,237"
765,미분류,Bravo jamoasi,"700,000","138,610,000",98
760,패션/미용,헤이즐 Heizle,"700,000","76,440,000",303
762,뉴스/정치/사회,성제준,"700,000","252,010,000","1,156"
761,뉴스/정치/사회,이봉규TV,"700,000","476,850,000","7,677"
766,미분류,나르앤나르시Nar.Couple,"700,000","86,890,000",145
764,음악/댄스/가수,SonyToby,"700,000","72,440,000",100
763,BJ/인물/연예인,외질혜 (OzilTube),"700,000","435,280,000","1,587"
768,키즈/어린이,ToyMoon토이문,"700,000","262,790,000",251
767,자동차,우파푸른하늘Woopa TV,"700,000","391,820,000","1,096"
771,미분류,CU [씨유튜브],"690,000","21,690,000",252
770,미분류,뀨러기 [kkyuleogi],"690,000","184,970,000",256
769,게임,Charming Jo 조매력,"690,000","197,820,000","1,206"
773,게임,밍모,"690,000","456,690,000","1,530"
772,음악/댄스/가수,TEEN TOP Official,"690,000","199,650,000",781
774,키즈/어린이,애니한TV AnnieHanTV,"690,000","679,810,000","1,203"
776,미분류,[윤이련]50년 요리비결,"690,000","177,280,000",344
775,TV/방송,나혼자산다 STUDIO,"690,000","233,540,000",317
777,음악/댄스/가수,MBK Entertainment [Official],"690,000","398,910,000",417
778,미분류,Kep1er,"690,000","5,870,000",3
781,키즈/어린이,간니닌니 다이어리,"680,000","642,140,000","1,858"
780,뉴스/정치/사회,펜앤드마이크TV,"680,000","483,250,000","11,048"
779,TV/방송,SIMI TV,"680,000","88,040,000",151
782,음식/요리/레시피,키미 Kimi,"680,000","49,600,000",98
783,자동차,김한용의 MOCAR,"680,000","326,630,000","1,305"
785,미분류,이슈왕 TV,"680,000","377,130,000","1,163"
784,BJ/인물/연예인,난쟁이성현,"680,000","129,640,000",569
787,TV/방송,제이제이,"680,000","207,790,000",535
786,교육/강의,입시덕후,"680,000","298,970,000",437
789,게임,수탉,"670,000","334,620,000","1,378"
788,영화/만화/애니,써리의 영상툰 SSULY TOON,"670,000","468,150,000",945
791,TV/방송,KBS 같이삽시다,"670,000","335,430,000","3,576"
790,패션/미용,에바EVA,"670,000","95,900,000",264
792,취미/라이프,미니미니 MiniMini,"670,000","329,610,000",327
795,미분류,자취요리신 simple cooking,"670,000","67,960,000",194
794,TV/방송,백만뷰,"670,000","491,510,000","9,348"
793,게임,문호준,"670,000","435,300,000","1,102"
798,미분류,알간지Alganzi,"670,000","89,120,000",177
797,미분류,방가네,"670,000","161,560,000",199
796,음식/요리/레시피,권회훈,"670,000","271,770,000","1,280"
800,미분류,[ASMR]nara_나라,"660,000","100,760,000",152
799,영화/만화/애니,CK Animation School_2016-2018,"660,000","216,460,000",698
801,TV/방송,레바스튜디오,"660,000","302,340,000",439
803,BJ/인물/연예인,김도고 Doggo Kim,"660,000","168,260,000",158
802,패션/미용,새벽,"660,000","94,700,000",505
805,음악/댄스/가수,GIRL'S DAY,"660,000","251,210,000",150
804,음식/요리/레시피,Team_SeikaTV(팀세이카),"660,000","136,020,000",115
809,미분류,복지마블TV [Welfare Marble],"660,000","69,840,000",290
808,영화/만화/애니,홍시네마,"660,000","220,210,000",173
807,음악/댄스/가수,조싀앤바믜 Josh & Bamui,"660,000","184,940,000",195
806,스포츠/운동,JK 아트사커 온라인,"660,000","247,140,000",441
810,미분류,시니어전성시대,"660,000","92,090,000",192
811,미분류,하알라,"660,000","166,190,000",206
812,게임,Official Dopa,"660,000","309,070,000","1,268"
813,주식/경제/부동산,코스픽(KosPick),"650,000","29,480,000","1,754"
815,뉴스/정치/사회,MTN 머니투데이방송,"650,000","590,290,000","58,480"
814,패션/미용,Dear.Jerry제리,"650,000","43,330,000",163
817,키즈/어린이,뽀로로 타요 장난감 놀이교실,"650,000","429,160,000",808
816,게임,강 지,"650,000","511,410,000","1,170"
818,미분류,지피티,"650,000","152,050,000",760
820,미분류,집밥 korean home cooking,"650,000","115,660,000",670
819,패션/미용,Ha Neul오늘의 하늘,"650,000","106,160,000",306
822,TV/방송,PANGKICK 팡킥,"650,000","214,900,000",85
821,패션/미용,로즈하ROSEHA,"650,000","73,450,000",184
823,게임,LCK,"650,000","551,400,000","4,298"
824,TV/방송,MBC 미스터리 : 심야괴담회 X 서프라이즈,"650,000","286,100,000","1,309"
825,패션/미용,Q2HAN,"650,000","73,440,000",719
827,TV/방송,tweety 트위티,"650,000","82,030,000",176
826,BJ/인물/연예인,깨박이,"650,000","380,920,000","1,254"
829,미분류,송슐랭 가이드 - SONGCHELIN GUIDE,"650,000","20,160,000",135
828,패션/미용,LENA,"650,000","180,000",1
832,뉴스/정치/사회,팩트TV NEWS,"640,000","621,090,000","21,030"
831,TV/방송,Spinel CAM,"640,000","695,600,000","8,658"
830,키즈/어린이,뿌직PPUJIG,"640,000","501,590,000",441
834,미분류,과학드림 [Science Dream],"640,000","111,930,000",112
833,미분류,지기TV,"640,000","166,350,000",754
835,미분류,유 퀴즈 온 더 튜브,"640,000","281,700,000","2,879"
836,음악/댄스/가수,BELLA&LUCAS 벨라앤루카스,"640,000","78,090,000",299
837,패션/미용,금강연화,"640,000","245,940,000",635
838,TV/방송,김용호연예부장,"640,000","127,190,000",260
843,미분류,할명수,"640,000","53,140,000",79
842,음악/댄스/가수,정동원TV,"640,000","216,870,000",274
841,TV/방송,KBS동물티비 : 애니멀포유 animal4u,"640,000","429,830,000","1,821"
840,패션/미용,会社員J,"640,000","131,420,000",421
839,IT/기술/컴퓨터,UNDERkg,"640,000","341,940,000","2,330"
845,TV/방송,매미킴 TV,"640,000","170,120,000",274
844,게임,퀸톨 TV,"640,000","477,370,000","2,171"
846,패션/미용,도영도영이,"630,000","45,290,000",165
847,취미/라이프,희철리즘Heechulism,"630,000","155,070,000",262
849,스포츠/운동,강하나 스트레칭_stretching,"630,000","59,400,000",332
848,패션/미용,소윤Soyoon,"630,000","63,000,000",167
851,키즈/어린이,손오공,"630,000","654,230,000",749
850,취미/라이프,김나영의 nofilterTV,"630,000","124,830,000",334
853,미분류,[에일리 OFFICIAL] aileemusic,"630,000","99,770,000",147
858,미분류,단하나 DANHANA,"630,000","98,030,000",68
852,TV/방송,MAXIM KOREA,"630,000","347,270,000","2,119"
856,음악/댄스/가수,다이아나Diana,"630,000","175,830,000","1,803"
855,음악/댄스/가수,lEtudel,"630,000","240,950,000","2,310"
854,음식/요리/레시피,sini시니,"630,000","243,570,000",708
859,미분류,곽튜브KWAKTUBE,"630,000","106,030,000",214
857,취미/라이프,이연LEEYEON,"630,000","44,890,000",190
860,TV/방송,OCN,"630,000","594,620,000","12,147"
861,게임,유소나,"620,000","200,940,000",714
862,음식/요리/레시피,한식푸우 Korean food,"620,000","252,440,000","1,623"
863,취미/라이프,여정을떠난여정,"620,000","141,710,000",294
865,TV/방송,Rio y Christian,"620,000","54,760,000",296
864,취미/라이프,딩가의 회전목마 DINGA,"620,000","73,500,000",172
867,미분류,꼰대희,"620,000","105,830,000",135
866,패션/미용,LeoJ Makeup,"620,000","95,900,000",257
869,미분류,캡틴 파추호 Captain PaChuHO,"620,000","38,060,000",54
868,음식/요리/레시피,맛상무,"620,000","237,170,000","1,291"
870,미분류,김대석 셰프TV,"620,000","69,870,000",289
872,게임,코아 TV,"620,000","461,960,000","1,120"
871,BJ/인물/연예인,예씨 yessii,"620,000","399,720,000",835
873,키즈/어린이,지니어드벤쳐 GeniAdventure (공룡∙과학 Dinosaurs),"610,000","600,340,000",422
875,게임,저라뎃 JUSTLIKETHAT,"610,000","602,200,000","3,041"
874,주식/경제/부동산,단희TV,"610,000","70,810,000",941
877,TV/방송,tvN insight,"610,000","215,160,000","1,825"
876,게임,눈쟁이,"610,000","253,830,000","2,201"
879,미분류,깨방정,"610,000","193,270,000",408
878,게임,삼식,"610,000","223,070,000","1,913"
881,TV/방송,KBS Entertain: 깔깔티비,"610,000","892,480,000","5,276"
880,교육/강의,동심파괴,"610,000","191,940,000",450
882,미분류,조여사전성시대,"610,000","124,280,000",480
885,미분류,McDonald's,"610,000","114,350,000",210
884,IT/기술/컴퓨터,테크몽 Techmong,"610,000","91,940,000",336
883,취미,여락이들_,"610,000","146,790,000",347
886,음식/요리/레시피,바다곰 조해웅Seabear,"610,000","133,660,000",418
892,미분류,또모TOWMOO,"600,000","155,810,000",210
891,미분류,달리 [SBS 교양 공식채널],"600,000","170,790,000",413
890,음악/댄스/가수,SUGA - Topic,"600,000",0,0
889,패션/미용,골근위수영뷰티아카데미,"600,000","431,000,000",397
888,게임,JUNE,"600,000","659,400,000","1,365"
887,TV/방송,NICKY니키,"600,000","194,560,000",744
893,미분류,로하Roha,"600,000","84,850,000",120
895,미분류,바라던 바다,"600,000","223,680,000",498
894,음악/댄스/가수,FTISLAND (FT아일랜드),"600,000","147,190,000",145
897,음악/댄스/가수,노래하는코트,"600,000","319,520,000","2,297"
896,TV/방송,씨그널V [ Signal V ],"600,000","215,130,000",625
900,미분류,쏘대장,"600,000","126,730,000",334
899,TV/방송,KBS 1라디오,"600,000","230,930,000","12,190"
898,TV/방송,코니tv conitv,"600,000","102,880,000",488
901,교육/강의,Conversational Korean,"600,000","19,590,000",346
903,패션/미용,아옳이,"600,000","110,740,000",167
902,TV/방송,티키틱 TIKITIK,"600,000","131,460,000",152
912,음식/요리/레시피,영자씨의 부엌Young-Ja's Kitchen,"600,000","133,720,000","1,001"
904,키즈/어린이,Ace Art 에이스 아트,"600,000","302,750,000",742
906,미분류,BRUSH,"590,000","253,950,000",339
905,게임,TV대정령,"590,000","636,640,000","7,523"
909,TV/방송,Olive,"590,000","665,990,000","17,125"
908,TV/방송,drighk fancam 2015,"590,000","420,090,000","5,263"
907,미분류,영기티비,"590,000","99,700,000",234
910,게임,진호,"590,000","327,300,000","2,525"
911,영화/만화/애니,소개해주는 남자,"590,000","179,420,000",243
913,TV/방송,석준이가해,"590,000","134,700,000",233
916,미분류,땅콩 Peanut,"590,000","240,630,000",18
915,미분류,고누리,"590,000","241,540,000",585
914,게임,로이조 TV,"590,000","436,170,000","2,691"
917,패션/미용,leeanfilm리안,"590,000","50,510,000",191
919,미분류,근황올림픽,"590,000","286,020,000",269
918,게임,서넹,"590,000","219,820,000","2,870"
921,미분류,검은고양이 다홍 Blackcat Dahong,"590,000","36,920,000",44
920,미분류,에버랜드 - EVERLAND,"590,000","185,690,000","2,073"
922,애완/반려동물,김메주와 고양이들,"590,000","202,770,000","1,014"
923,취미/라이프,ConCorea TV,"580,000","14,730,000",629
924,뉴스/정치/사회,쓸모왕,"580,000","458,500,000",746
925,TV/방송,STATV,"580,000","197,310,000","7,620"
927,뉴스/정치/사회,OhmynewsTV,"580,000","420,270,000","14,625"
926,뉴스/정치/사회,고성국TV,"580,000","45,020,000",695
928,미분류,코믹마트,"580,000","208,370,000",280
933,음식/요리/레시피,정육왕 MeatCreator,"580,000","138,310,000",451
931,BJ/인물/연예인,풍자테레비,"580,000","271,640,000","1,797"
930,뉴스/정치/사회,MediaVOP,"580,000","760,270,000","17,595"
929,취미/라이프,공구왕황부장,"580,000","123,490,000",476
932,키즈/어린이,Troom Troom Kr,"580,000","396,950,000","1,994"
935,뉴스/정치/사회,서울의소리 Voice of Seoul,"580,000","275,500,000","8,116"
934,음식/요리/레시피,[Flower pig]꽃돼지,"580,000","202,720,000","1,267"
936,뉴스/정치/사회,여수MBC Music+(Kpop&Trot),"580,000","365,270,000","12,759"
941,교육/강의,굉장한 실험실,"580,000","289,450,000",201
939,뉴스/정치/사회,국방TV,"580,000","535,640,000","11,420"
938,해외,Ashley Mariee,"580,000","56,260,000","2,046"
937,IT/기술/컴퓨터,MR엠알,"580,000","88,680,000",402
940,미분류,김흥미,"570,000",0,0
942,미분류,청정구역,"570,000","198,230,000",488
943,미분류,드립팩토리 [Dlib Factory],"570,000","205,910,000",209
953,미분류,Wolves,"570,000","133,190,000","2,002"
952,BJ/인물/연예인,덕자전성시대,"570,000","70,850,000",176
951,미분류,일주어터,"570,000","106,380,000",174
949,음악/댄스/가수,God DongMin갓동민,"570,000","95,060,000",999
948,음악/댄스/가수,INFINITE,"570,000","45,000,000",192
947,TV/방송,공돌이 용달,"570,000","174,010,000",214
946,회사/오피셜,FILA KOREA,"570,000","103,780,000",501
945,음악/댄스/가수,온스테이지ONSTAGE,"570,000","244,390,000","2,375"
944,키즈/어린이,Clevr TV [클레버티비],"570,000","563,210,000","1,855"
950,미분류,양세브라더스,"570,000","24,770,000",16
955,음식/요리/레시피,더스쿱The SCOOP,"570,000","85,710,000",406
954,BJ/인물/연예인,최홍철,"570,000","148,320,000",278
958,게임,자몽티비,"570,000","555,170,000","2,166"
957,게임,형독방송,"570,000","525,070,000","1,840"
956,취미/라이프,TAU,"570,000","352,510,000",106
960,미분류,free지아,"570,000","96,340,000",216
959,음악/댄스/가수,May J Lee 메이제이 리,"570,000","29,330,000",48
962,미분류,Ed Sheeran - Topic,"570,000","1,439,940,000",588
961,미분류,앗무만 ATMUMAN,"570,000","57,170,000",38
964,패션/미용,안다 ANDA,"570,000","37,810,000",182
963,음악/댄스/가수,TVXQ!,"570,000","38,560,000",75
967,미분류,LunLuns,"560,000","171,250,000",249
966,영화/만화/애니,토킹톰앤프렌즈,"560,000","232,600,000",257
965,애완/반려동물,Arirang은 고양이들내가 주인,"560,000","173,040,000",409
968,TV/방송,은하캠핑,"560,000","111,100,000",212
970,BJ/인물/연예인,엣지님,"560,000","200,040,000","1,649"
969,TV/방송,스튜디오V [ STUDIO V ],"560,000","170,500,000",346
971,음식/요리/레시피,SINCOOK - 신쿡,"560,000","104,460,000",497
972,패션/미용,다영 DAYEONG,"560,000","77,160,000",369
975,미분류,Everton Football Club,"560,000","156,780,000","2,607"
974,미분류,유이뿅YUIPYON,"560,000","148,790,000",322
973,키즈/어린이,캐리TV 주니어,"560,000","634,830,000","1,450"
979,TV/방송,목포MBC 가요센터,"560,000","208,060,000","4,162"
978,음악/댄스/가수,Flow Music,"560,000","124,770,000",509
977,TV/방송,Ripple_S,"560,000","325,660,000",785
976,TV/방송,레이디액션,"560,000","309,640,000",390
983,미분류,Melon 멜론,"560,000","75,380,000",288
982,미분류,Super K-슈퍼개미김정환,"560,000","57,160,000",532
981,음악/댄스/가수,Trouble Maker (Official YouTube Channel),"560,000","189,540,000",9
980,패션/미용,디렉터 짱구대디,"560,000","183,400,000","1,827"
987,미분류,KBS 골든케이팝,"550,000","390,690,000","9,406"
986,취미/라이프,샬이 Shal.E,"550,000","22,430,000",63
985,음악/댄스/가수,DanalEntertainment,"550,000","305,230,000","9,568"
984,음식/요리/레시피,창배먹방 chang_bae,"550,000","256,890,000","1,337"
990,미분류,쿡피아 Cookpia,"550,000","75,390,000",154
989,뉴스/정치/사회,Arirang News,"550,000","248,410,000","127,230"
988,교육/강의,수린 suzlnne,"550,000","44,150,000",134
991,TV/방송,쌈바홍 ssambahong,"550,000","41,890,000",197
995,미분류,밉지않은 관종언니,"550,000","79,660,000",186
994,미분류,정라레_Lifestyle Doctor,"550,000","76,430,000",289
993,미분류,규티비 KYUHYUN,"550,000","22,470,000",75
992,음악/댄스/가수,달마발 Darlim&Hamabal,"550,000","145,660,000",162
996,음악/댄스/가수,Reynah,"550,000","148,880,000",246
997,TV/방송,J.Y. Park,"550,000","93,730,000",90
998,게임,[ALTUBE] 김성현TV,"550,000","422,100,000","2,121"
1000,게임,방앗간 비둘기,"550,000","356,900,000","4,381"
999,게임,빅헤드,"550,000","326,600,000","3,540"
